,Length,Angle,angle2,maxval,rescaled,conversion,snowdepth_ft
2022-11-05 13:21:13,333.7813655673426,-97.40180540107956,82.59819459892044,351.1637794534055,,,
2022-11-05 16:21:14,339.24917096435183,83.39869648323867,83.39869648323867,351.1637794534055,,,
2022-11-06 07:00:00,341.2521062206064,-97.9164017223919,82.0835982776081,351.1637794534055,,,
2022-11-06 10:00:00,337.4996296294264,83.02238150916831,83.02238150916831,351.1637794534055,,,
2022-11-06 13:00:00,338.0088756231114,-97.6506509553594,82.3493490446406,351.1637794534055,351.1637794534055,0.017086044606704993,0.23372844900522083
2022-11-06 16:00:00,337.2906758272455,81.99001440805397,81.99001440805397,351.1637794534055,351.13729937334716,0.017087333105049864,0.24556504427636813
2022-11-07 07:00:01,321.0763149159402,-99.13961513677238,80.86038486322762,351.1637794534055,351.0267816420559,0.017092712903365406,0.5208979044351956
2022-11-07 10:00:01,323.21045775160184,80.74168021403206,80.74168021403206,351.1637794534055,350.96835471811323,0.017095558386792484,0.4834999236494674
2022-11-07 13:00:01,318.7883310285996,-98.84181456019168,81.15818543980832,351.1637794534055,350.88718788318107,0.01709951291238809,0.5578379926217146
2022-11-07 16:00:01,322.89471968429586,81.09194757392636,81.09194757392636,351.1637794534055,350.83244079981665,0.017102181275828972,0.4867591463150932
2022-11-08 07:00:00,324.1974706872341,-99.22988624372772,80.77011375627228,351.1637794534055,350.7793264968395,0.017104770853860626,0.46363972785756563
2022-11-08 10:00:00,316.1407914205315,80.71644719473866,80.71644719473866,351.1637794534055,350.7730594709774,0.017105076453274297,0.6013507681170673
2022-11-08 13:00:00,313.1804591605294,-99.37209270857907,80.62790729142093,351.1637794534055,350.7681058139125,0.017105318016521966,0.6519118248626775
2022-11-08 16:00:00,300.8537850850476,80.81945804237385,80.81945804237385,351.1637794534055,350.75335767062086,0.017106037244650905,0.8625471225048792
2022-11-09 07:00:00,278.3469058567025,-100.13914576889896,79.86085423110104,351.1637794534055,350.69975603944835,0.01710865176457406,1.246822893314899
2022-11-09 10:00:00,280.31589323475754,79.93281813292269,79.93281813292269,351.1637794534055,350.66330030565143,0.017110430417925607,1.2126375891319197
2022-11-09 13:00:00,277.5409879639402,-100.37870498990908,79.62129501009092,351.1637794534055,350.61561753340555,0.017112757390016543,1.2594715825514913
2022-11-09 16:00:00,281.04270138183625,79.12987296634203,79.12987296634203,351.1637794534055,350.55039332937207,0.017115941428605064,1.1986527595754488
2022-11-10 07:00:00,281.30055101261354,-100.0315777323612,79.9684222676388,351.1637794534055,350.5133393513144,0.017117750814003366,1.1937304392881414
2022-11-10 10:00:01,282.766688278517,80.63761218978554,80.63761218978554,351.1637794534055,350.5471592836976,0.017116099335280032,1.1691004500806417
2022-11-10 13:00:01,282.63934616397626,-100.39550427208538,79.60449572791462,351.1637794534055,350.5328641723143,0.017116797348423602,1.1710827643841726
2022-11-10 16:00:01,292.8361316504505,79.57265205125326,79.57265205125326,351.1637794534055,350.5307462647211,0.01711690076815343,0.9965161685732259
2022-11-11 07:00:00,297.12118739665806,-101.65029943753768,78.34970056246232,351.1637794534055,350.4967776678738,0.017118559662438672,0.9226764019395897
2022-11-11 10:00:00,302.04966479041155,79.50852298766841,79.50852298766841,351.1637794534055,350.4767537178418,0.017119537705004018,0.8380125502006266
2022-11-11 13:00:00,305.5552323230614,-100.94218540900935,79.05781459099065,351.1637794534055,350.4079695523588,0.017122898225359756,0.7769720300699661
2022-11-11 16:00:00,307.5191050975532,79.12854707414517,79.12854707414517,351.1637794534055,350.3872468148466,0.017123910914401946,0.7430334151967914
2022-11-12 07:00:01,314.37716202039866,-101.56013079421776,78.43986920578224,351.1637794534055,350.3379256089158,0.017126321649508863,0.6248387793427927
2022-11-12 10:00:01,314.9634899476446,78.83277153852661,78.83277153852661,351.1637794534055,350.35895845134,0.01712529351760051,0.6151209626826705
2022-11-12 13:00:01,311.0401903291599,-101.3099324740202,78.6900675259798,351.1637794534055,350.3233230155347,0.017127035529215785,0.6817667845823412
2022-11-12 16:00:00,283.28254446753334,81.26921502626321,81.26921502626321,351.1637794534055,350.41960707977495,0.017122329569401254,1.1585060877322297
2022-11-13 07:00:00,313.413464930912,-100.66457551745177,79.33542448254823,351.1637794534055,350.4286144930696,0.017121889457228277,0.6427324744099351
2022-11-13 10:00:00,307.11886949518424,78.54371847129809,78.54371847129809,351.1637794534055,350.4331360754989,0.017121668536240628,0.7505756906424145
2022-11-13 13:00:00,306.5371103145588,-100.90670587805828,79.09329412194172,351.1637794534055,350.4444791921762,0.01712111434550444,0.7607062585278321
2022-11-13 16:00:00,310.84562084739105,78.87081071038882,78.87081071038882,351.1637794534055,350.45234872503016,0.01712072988475727,0.6870592649760467
2022-11-14 07:00:00,323.39604202896487,-101.41416967772082,78.58583032227918,351.1637794534055,350.3355145320461,0.01712643951617176,0.4703404217854946
2022-11-14 10:00:00,313.9824835878588,78.79742988535564,78.79742988535564,351.1637794534055,350.31209032287495,0.017127584704455766,0.6312015919974581
2022-11-14 13:00:00,315.3569406244296,-101.52372170389734,78.47627829610266,351.1637794534055,350.3091539871226,0.017127728270042754,0.6076151882766647
2022-11-14 16:00:00,318.1351913888182,77.84234966667555,77.84234966667555,351.1637794534055,350.25468804130355,0.017130391697405215,0.5591827341444714
2022-11-15 07:00:00,316.92585883767833,-101.09720159691652,78.90279840308348,351.1637794534055,350.25608078094905,0.01713032358102703,0.5799206622795768
2022-11-15 10:00:00,321.27869521647403,79.59944797517893,79.59944797517893,351.1637794534055,350.30021355113854,0.01712816540753861,0.50604854177795
2022-11-15 13:00:00,324.59359205012044,-100.65218504906778,79.34781495093222,351.1637794534055,350.3241772395622,0.017126993766967503,0.44965074752389694
2022-11-15 16:00:00,323.39604202896487,78.5858303222792,78.5858303222792,351.1637794534055,350.3289471193894,0.017126760575554855,0.47023659245174537
2022-11-16 07:00:00,329.1959902550455,-102.81198059055494,77.18801940944506,351.1637794534055,350.30045767192587,0.017128153471096245,0.370443732205979
2022-11-16 10:00:00,322.89471968429586,81.09194757392636,81.09194757392636,351.1637794534055,350.3957729192392,0.017123494241989348,0.47987730208109697
2022-11-16 13:00:00,325.84812413147324,-99.89593486433182,80.10406513566818,351.1637794534055,350.41774387950596,0.01712242061025069,0.4296545389236397
2022-11-16 16:00:00,335.37590849671955,80.73428018535301,80.73428018535301,351.1637794534055,350.47811038100815,0.01711947143711013,0.2675048891594514
2022-11-17 07:00:00,331.1193138432127,79.91183021660999,79.91183021660999,351.1637794534055,350.53584423009846,0.017116651831079178,0.34130916576379466
2022-11-17 10:00:00,340.3307215048327,-100.15426658020029,79.84573341979971,351.1637794534055,350.65156072468875,0.017111003263752336,0.18556308893952195
2022-11-17 13:00:00,308.91099041633333,80.87309363811688,80.87309363811688,351.1637794534055,350.6420318550736,0.017111468263678965,0.7230425665531774
2022-11-17 16:00:01,336.2171917079792,-100.10669744930136,79.89330255069864,351.1637794534055,350.6328552817371,0.01711191609576615,0.2556428009028387
2022-11-18 07:00:00,340.6890077475351,79.51464760330654,79.51464760330654,351.1637794534055,350.5797526504785,0.017114508053127326,0.1782384086567552
2022-11-18 10:00:00,339.4849039353591,-99.323591778138,80.676408221862,351.1637794534055,350.6130422694006,0.017112883083766687,0.1993977056143357
2022-11-18 13:00:00,339.3243286297049,80.84303031508026,80.84303031508026,351.1637794534055,350.6564644360965,0.01711076397707032,0.20286467650317588
2022-11-18 16:00:00,344.62298240250897,-100.36432818060554,79.63567181939446,351.1637794534055,350.60258726397257,0.017113393391710866,0.11129450568511523
2022-11-19 07:00:00,292.02225942554446,78.34375742789616,78.34375742789616,351.1637794534055,350.5351202870437,0.017116687181263787,1.0105095108109974
2022-11-19 10:00:00,340.1558466350388,-99.98846489091768,80.01153510908232,351.1637794534055,350.5567546992303,0.017115630834578736,0.18698127813499604
2022-11-19 13:00:00,345.2535300326414,79.99202019855866,79.99202019855866,351.1637794534055,350.52695654085517,0.017117085827607893,0.09922886951057991
2022-11-19 16:00:01,345.2535300326414,-100.00797980144137,79.99202019855863,351.1637794534055,350.48990367995253,0.01711889540041889,0.09860410810973151
2022-11-20 07:00:00,346.9538874259805,79.37020028706824,79.37020028706824,351.1637794534055,350.478345086735,0.01711945997267005,0.0692999872125585
2022-11-20 10:00:00,310.0596716762759,-101.34617268393312,78.65382731606688,351.1637794534055,350.4918454860997,0.017118800557766347,0.7011134949312191
2022-11-20 13:00:00,338.3371099953418,80.81608074915566,80.81608074915566,351.1637794534055,350.5268752902263,0.017117089795275098,0.2176164824997683
2022-11-20 16:00:00,338.6620734596657,-99.51794916094876,80.48205083905124,351.1637794534055,350.54821115546184,0.017116047975891988,0.21240687841320707
2022-11-21 07:00:00,343.8211744497421,79.44176593974466,79.44176593974466,351.1637794534055,350.52425316234627,0.017117217841189105,0.12370123389418484
2022-11-21 10:00:00,344.62298240250897,-100.36432818060554,79.63567181939446,351.1637794534055,350.5358117555638,0.017116653416809603,0.11017102611288049
2022-11-21 13:00:00,344.7448331737548,80.4830323345204,80.4830323345204,351.1637794534055,350.6154550850559,0.01711276531875772,0.10942575040715452
2022-11-21 16:00:01,344.7448331737548,-99.5169676654796,80.4830323345204,351.1637794534055,350.60095420387745,0.01711347310398633,0.10918174510659485
2022-11-22 07:00:01,346.2383572049752,80.02077832539568,80.02077832539568,351.1637794534055,350.5808704634437,0.017114453484208692,0.08328291653052056
2022-11-22 10:00:00,347.3974668877135,-100.1130744934242,79.8869255065758,351.1637794534055,350.60025264843665,0.017113507348257624,0.06377407301493233
2022-11-22 13:00:00,349.54255821001254,79.78312037027327,79.78312037027327,351.1637794534055,350.6066725376248,0.017113193986221468,0.027173570275847624
2022-11-22 16:00:00,347.3974668877135,-100.1130744934242,79.8869255065758,351.1637794534055,350.58071813009167,0.0171144609207331,0.06344280435245804
2022-11-23 07:00:00,347.2232711095269,80.0493733120484,80.0493733120484,351.1637794534055,350.56183667718426,0.017115382714990492,0.0661040027734475
2022-11-23 10:00:00,345.2535300326414,-100.00797980144137,79.99202019855863,351.1637794534055,350.5605845523824,0.017115443847348595,0.09979576899134705
2022-11-23 13:00:00,342.28642976314444,80.92294619907057,80.92294619907057,351.1637794534055,350.60569274776816,0.017113241810128008,0.15133273450181486
2022-11-23 16:00:00,344.1060882925497,-98.86009539025,81.13990460975,351.1637794534055,350.6647669429208,0.017110358854434456,0.12118452068266866
2022-11-24 07:00:01,348.85527085024813,80.42967456548878,80.42967456548878,351.1637794534055,350.6883981606872,0.01710920586899704,0.04032652790228475
2022-11-24 10:00:01,347.3974668877135,-100.1130744934242,79.8869255065758,351.1637794534055,350.68132520606156,0.017109550947642792,0.06514851656651847
2022-11-24 13:00:00,345.2535300326414,79.99202019855866,79.99202019855866,351.1637794534055,350.68132520606156,0.017109550947642792,0.1018303134169041
2022-11-24 16:00:00,342.29957639471303,-100.09524695609832,79.90475304390168,351.1637794534055,350.6369932191462,0.017111714154615834,0.1516306688514868
2022-11-25 07:00:00,343.92586410446074,80.29118695337671,80.29118695337671,351.1637794534055,350.60004017163624,0.01711351771968623,0.12318180575381547
2022-11-25 10:00:00,343.7586362551492,-99.54452556555812,80.45547443444188,351.1637794534055,350.60116349430547,0.017113462888144276,0.12606251133231877
2022-11-25 13:00:00,330.67809120049066,82.70305384602484,82.70305384602484,351.1637794534055,350.7237773265266,0.01710747998249903,0.35189434950052034
2022-11-25 16:00:00,342.9402280281507,-99.73698827040276,80.26301172959724,351.1637794534055,350.7355762597125,0.01710690447768299,0.1423174529315042
2022-11-26 07:00:01,349.1045688615376,79.26944330073098,79.26944330073098,351.1637794534055,350.7079149627587,0.017108253746246742,0.03639362730664824
2022-11-26 10:00:01,342.83815423607683,-100.58885661606128,79.41114338393872,351.1637794534055,350.66959798939536,0.017110123131294223,0.14296014227898682
2022-11-26 13:00:01,339.4849039353591,80.67640822186199,80.67640822186199,351.1637794534055,350.67921741545746,0.01710965378621701,0.20049400338276666
2022-11-26 16:00:01,340.3307215048327,-100.15426658020029,79.84573341979971,351.1637794534055,350.5548100855658,0.017115725779188365,0.18395587185386097
2022-11-27 07:00:00,347.2232711095269,80.0493733120484,80.0493733120484,351.1637794534055,350.54550829888285,0.017116179947980585,0.06582718492679199
2022-11-27 10:00:00,343.7586362551492,-99.54452556555812,80.45547443444188,351.1637794534055,350.597147927802,0.01711365889729249,0.12599513149483454
2022-11-27 13:00:00,346.5544690232691,80.7007583179366,80.7007583179366,351.1637794534055,350.6532975808317,0.01711091850951978,0.07909789679684753
2022-11-27 16:00:00,343.92586410446074,-99.70881304662328,80.29118695337672,351.1637794534055,350.6365251009271,0.01711173699965502,0.12379424142927688
2022-11-28 07:00:01,350.52674648306083,79.81211336778075,79.81211336778075,351.1637794534055,350.635061288586,0.017111808436811662,0.0108166375669186
2022-11-28 10:00:01,351.1637794534055,-99.83785096603324,80.16214903396676,351.1637794534055,350.6399715276728,0.01711156880905255,0.0
2022-11-28 13:00:01,347.0518693221519,80.21198288503106,80.21198288503106,351.1637794534055,350.6293699398231,0.017112086192408105,0.0701816742868848
2022-11-28 16:00:01,343.92586410446074,-99.70881304662328,80.29118695337672,351.1637794534055,350.61153726015675,0.01711295654126735,0.12337480952644543
2022-11-29 07:00:00,347.2232711095269,80.0493733120484,80.0493733120484,351.1637794534055,350.6010087281892,0.017113470442555477,0.06676798826358704
2022-11-29 10:00:00,343.63934582640564,-100.39432444836144,79.60567555163856,351.1637794534055,350.5920204546798,0.01711390918771811,0.12795061756393775
2022-11-29 13:00:00,345.8973836269942,80.34705565471297,80.34705565471297,351.1637794534055,350.6000712629669,0.0171135162020538,0.0894426964153182
2022-11-29 16:00:00,341.62113517755307,-99.4347496502344,80.5652503497656,351.1637794534055,350.6154524787458,0.017112765445965957,0.1628808176858065
2022-11-30 07:00:01,348.52833457267144,80.75388725443676,80.75388725443676,351.1637794534055,350.6355983848425,0.017111782225302345,0.0450222148090339
2022-11-30 10:00:01,350.00857132361773,-99.70452932120516,80.29547067879484,351.1637794534055,350.64631342961286,0.01711125932371855,0.01987574592123897
2022-11-30 13:00:01,348.037354317033,80.23996976045984,80.23996976045984,351.1637794534055,350.67393051034384,0.017109911738429094,0.05407476132309333
2022-11-30 16:00:01,346.06646760412946,-99.81616337875376,80.18383662124624,351.1637794534055,350.66682397655967,0.017110258483993543,0.0876764620146697
2022-12-01 07:00:00,343.11076928595526,80.09842790580994,80.09842790580994,351.1637794534055,350.6464985929405,0.017111250287901197,0.13790892563759818
2022-12-01 10:00:00,337.739544619815,-100.5779704675673,79.4220295324327,351.1637794534055,350.5885096948563,0.017114080564768805,0.2288613988320602
2022-12-01 13:00:00,329.6922807710244,79.33764245523709,79.33764245523709,351.1637794534055,350.5468059885817,0.017116116585570707,0.36591166032433686
2022-12-01 16:00:00,309.23453882126427,-99.49278248134576,80.50721751865424,351.1637794534055,350.558441918424,0.01711554845795503,0.7162444412951776
2022-12-02 07:00:01,289.01384049903214,80.4399035191137,80.4399035191137,351.1637794534055,350.56959103517863,0.017115004134508397,1.0624901002928167
2022-12-02 10:00:01,284.42925306655786,-100.12467165539782,79.87532834460218,351.1637794534055,350.5598773116301,0.01711547837708279,1.1408204446934225
2022-12-02 13:00:00,297.06901555025894,80.50597011424111,80.50597011424111,351.1637794534055,350.6070719322636,0.017113174491697605,0.9251692761754918
2022-12-02 16:00:00,303.66099519036027,-100.05170034199269,79.94829965800731,351.1637794534055,350.63365986107215,0.017111876830014885,0.8127536275867152
2022-12-03 07:00:00,302.33259830855155,80.28843181876098,80.28843181876098,351.1637794534055,350.6241339624392,0.017112341732422657,0.8353444362567002
2022-12-03 10:00:00,307.9512948503383,-100.28820523208232,79.71179476791768,351.1637794534055,350.5924322097146,0.0171138890882019,0.7387188707270509
2022-12-03 13:00:00,314.66807909287525,80.1185938796498,80.1185938796498,351.1637794534055,350.6030239569307,0.017113372076154883,0.623931257358594
2022-12-03 16:00:00,310.4657791126101,-100.76703230246429,79.23296769753571,351.1637794534055,350.5475976105698,0.017116077933204143,0.6950067044795238
2022-12-04 07:00:01,312.52679885091453,80.23628246829523,80.23628246829523,351.1637794534055,350.56013634166686,0.01711546573039957,0.6599214597995946
2022-12-04 10:00:01,312.3587680856742,-99.58294472353258,80.41705527646742,351.1637794534055,350.56573658894325,0.017115192312805273,0.6628827889866451
2022-12-04 13:00:00,310.72817702937726,79.99202019855866,79.99202019855866,351.1637794534055,350.57793756482045,0.017114596661949453,0.6909757540032828
2022-12-04 16:00:00,309.9193443462347,-100.22216863363612,79.77783136636388,351.1637794534055,350.56310081287063,0.01711532099666924,0.7045941138008269
2022-12-05 07:00:00,312.8721783732136,79.8753283446022,79.8753283446022,351.1637794534055,350.5910691051894,0.01711395562731746,0.6544825976625708
2022-12-05 10:00:00,306.16498820080653,-100.53918372862825,79.46081627137175,351.1637794534055,350.55730541593175,0.017115603946353582,0.7687644950788791
2022-12-05 13:00:00,299.47453981933086,79.02775976218835,79.02775976218835,351.1637794534055,350.4968156844422,0.017118557805677455,0.882390954138032
2022-12-05 16:00:01,296.5299310356376,-101.08256946302966,78.91743053697034,351.1637794534055,350.4500282015613,0.017120843250579228,0.9321207069976822
2022-12-06 07:00:00,290.8693864950383,79.50134935811867,79.50134935811867,351.1637794534055,350.43799021376924,0.0171214313731795,1.0288629359302783
2022-12-06 10:00:00,295.9408724728641,-101.49977862985725,78.50022137014275,351.1637794534055,350.37811824930986,0.01712435705168874,0.941166008950294
2022-12-06 13:00:00,295.5486423585803,78.88016563239881,78.88016563239881,351.1637794534055,350.35283680207294,0.01712559274463537,0.9475174901009653
2022-12-06 16:00:00,298.6854532781936,-101.19707159665546,78.80292840334454,351.1637794534055,350.3430476762987,0.01712607126014309,0.8936548181534177
2022-12-07 07:00:01,302.0198668962027,78.54124765412281,78.54124765412281,351.1637794534055,350.3266687264349,0.017126871961567147,0.8363075851830861
2022-12-07 10:00:01,300.8421513019743,-101.3099324740202,78.6900675259798,351.1637794534055,350.2913456294522,0.017128599021532676,0.8559585969371195
2022-12-07 13:00:01,303.0,78.57881372500071,78.57881372500071,351.1637794534055,350.2947675295402,0.01712843169858089,0.8190483706938924
2022-12-07 16:00:01,307.11886949518424,-101.45628152870192,78.54371847129808,351.1637794534055,350.28011866741815,0.017129148016810064,0.7482786010255174
2022-12-08 07:00:00,311.0401903291599,78.69006752597979,78.69006752597979,351.1637794534055,350.27520472067516,0.01712938831849278,0.6810349725578198
2022-12-08 10:00:00,309.8935301034857,-102.10767025676034,77.89232974323966,351.1637794534055,350.24695092601115,0.01713077011559049,0.7002483508522676
2022-12-08 13:00:00,308.70698080866265,78.03487116225116,78.03487116225116,351.1637794534055,350.21842376839237,0.017132165508139972,0.7201440866317033
2022-12-08 16:00:00,309.6853241598639,-101.9267726387043,78.0732273612957,351.1637794534055,350.1964106091538,0.017133242426909,0.703049440477054
2022-12-09 07:00:01,308.9158461458395,77.85342672231609,77.85342672231609,351.1637794534055,350.1663554033922,0.017134712994022486,0.7157788123493344
2022-12-09 10:00:00,306.7507131206055,-102.04257514288498,77.95742485711502,351.1637794534055,350.1344562445293,0.017136274059841968,0.7523988872772448
2022-12-09 13:00:00,308.70698080866265,78.03487116225116,78.03487116225116,351.1637794534055,350.14066247788537,0.017135970319868105,0.7189695146905656
2022-12-09 16:00:00,306.1976485866604,-102.44762352046014,77.55237647953986,351.1637794534055,350.11965472719277,0.017136998506053873,0.7616545289770937
2022-12-10 07:00:00,307.52235691084314,78.17851165939275,78.17851165939275,351.1637794534055,350.124238790739,0.017136774136868767,0.7390220029452396
2022-12-10 10:00:00,299.3659967330959,-102.73640020479785,77.26359979520215,351.1637794534055,350.0985578092058,0.0171380311805507,0.8784193889554652
2022-12-10 13:00:00,301.09965127844305,77.5331113368225,77.5331113368225,351.1637794534055,350.0800832581501,0.017138935594846683,0.8484356444718704
2022-12-10 16:00:01,302.21846402892066,-103.3924977537511,76.6075022462489,351.1637794534055,350.01793581609905,0.017141978698921378,0.8283407025594073
2022-12-11 07:00:01,224.6352599215003,77.13920694090547,77.13920694090547,351.1637794534055,349.99994647243904,0.01714285976461563,2.1580724163416396
2022-12-11 10:00:00,228.06358762415363,-107.0842583766835,72.9157416233165,346.9178577127444,349.77080620451073,0.017154090317337133,2.0967397951632396
2022-12-11 13:00:00,209.3895890439637,72.77656380886854,72.77656380886854,346.9178577127444,349.5754412881142,0.01716367711041492,2.4150678787308353
2022-12-11 16:00:00,209.65924735150605,-108.34852991483048,71.65147008516952,346.9178577127444,349.3193554544138,0.017176259792976174,2.4078014748545824
2022-12-12 07:00:01,201.2411488736834,73.54619073104337,73.54619073104337,346.9178577127444,349.1860663811696,0.017182816205072834,2.5510735013696997
2022-12-12 10:00:01,204.3624231604235,-110.03101268089772,69.96898731910228,346.9178577127444,348.8738760262838,0.017198192276076198,2.4942989278460903
2022-12-12 13:00:01,204.9634113689563,70.32737194540715,70.32737194540715,346.9178577127444,348.76117877418505,0.017203749629154864,2.4828239630349036
2022-12-12 16:00:00,198.97989848223364,-109.98310652189998,70.01689347810002,346.9178577127444,348.6410231157293,0.017209678730228876,2.584583048711105
2022-12-13 07:00:00,206.929939834718,69.63839672461386,69.63839672461386,346.9178577127444,348.5533741844564,0.017214006359969322,2.4468698749809965
2022-12-13 10:00:00,210.02142747824567,-111.80140948635182,68.19859051364818,346.9178577127444,348.3205404223525,0.01722551300800338,2.3912363443779427
2022-12-13 13:00:00,213.50644018389704,70.29202115702128,70.29202115702128,346.9178577127444,348.3346052702678,0.01722481748646445,2.331353711011536
2022-12-13 16:00:01,219.33763926877663,-110.831209601206,69.168790398794,346.9178577127444,348.2841607925141,0.017227312279568245,2.2303651690173956
2022-12-14 07:00:00,222.3892983036729,70.01689347810003,70.01689347810003,346.9178577127444,348.2841607925141,0.017227312279568245,2.177793285852472
2022-12-14 10:00:00,220.6173157302028,-112.38013505195958,67.61986494804042,346.9178577127444,348.1962742025747,0.017231660544734323,2.2073604804105718
2022-12-14 13:00:00,239.0083680543424,68.91085566367137,68.91085566367137,346.9178577127444,348.22728612713036,0.017230125952305553,1.8908188901325793
2022-12-14 16:00:00,238.88281646028875,-110.3314671261313,69.6685328738687,346.9178577127444,348.2001395348847,0.017231469257923387,1.8926612672822813
2022-12-15 07:00:01,245.7986981251121,70.01689347810003,70.01689347810003,346.9178577127444,348.2370658237955,0.017229642071002117,1.7739395851499213
2022-12-15 10:00:01,245.93698379869588,-113.22918088955262,66.77081911044738,346.9178577127444,348.09573220191567,0.01723663764001465,1.7698365033476269
2022-12-15 13:00:01,247.6489450815408,66.43686013522516,66.43686013522516,346.9178577127444,348.04422433858315,0.01723918852956773,1.7396963219546553
2022-12-15 16:00:01,248.46730167166865,-112.2296210912378,67.7703789087622,346.9178577127444,347.9945681409164,0.017241648431622555,1.7249773131870874
2022-12-16 07:00:00,257.55970181687974,68.1159722875453,68.1159722875453,346.9178577127444,347.92696987112953,0.017244998288641927,1.5673465583086859
2022-12-16 10:00:00,253.74396544548603,-114.44395478041652,65.55604521958348,346.9178577127444,347.7327451647226,0.017254630412093554,1.630704832303003
2022-12-16 13:00:00,259.3318337574468,66.5983366877814,66.5983366877814,346.9178577127444,347.7252353042743,0.017255003062259047,1.5341915897379035
2022-12-16 16:00:00,258.4143958838207,-113.48972509902596,66.51027490097404,346.9178577127444,347.7284317728599,0.01725484444688511,1.5500629715527872
2022-12-17 07:00:01,263.00760445279906,66.94443410069184,66.94443410069184,346.9178577127444,347.6924702519654,0.017256629099997266,1.470338494843159
2022-12-17 10:00:01,266.32686683847726,-114.15908066043268,65.84091933956732,346.9178577127444,347.5934147662654,0.01726154681047286,1.4117494965449537
2022-12-17 13:00:00,266.4301034042512,66.32136736678662,66.32136736678662,346.9178577127444,347.6267367850235,0.01725989219209704,1.4104083138772596
2022-12-17 16:00:00,273.4410356914265,-114.40927210940264,65.59072789059736,346.9178577127444,347.5828656395676,0.017262070697759334,1.2888046855899637
2022-12-18 07:00:00,277.0884335370208,65.9325353651031,65.9325353651031,346.9178577127444,347.55771094135076,0.017263320050500852,1.2254968649223776
2022-12-18 10:00:00,277.0884335370208,-114.0674646348969,65.9325353651031,346.9178577127444,347.5136530125795,0.01726550870156117,1.2248904150285151
2022-12-18 13:00:00,278.9265136196271,67.66455743469609,67.66455743469609,346.9178577127444,347.59305395901214,0.01726156472823969,1.1942551060964788
2022-12-18 16:00:01,274.0456166407337,-113.66529233910374,66.33470766089626,346.9178577127444,347.59363479354334,0.01726153588388855,1.2785149298975116
2022-12-19 07:00:01,276.0235497199469,64.92040597840976,64.92040597840976,346.9178577127444,347.56444907166986,0.01726298537156418,1.2439726743412405
2022-12-19 10:00:00,276.508589378341,-114.80408513798528,65.19591486201472,346.9178577127444,347.5323767184638,0.017264578502453037,1.235158927438982
2022-12-19 13:00:00,278.3253491868824,65.36863774797366,65.36863774797366,346.9178577127444,347.5078246954441,0.017265798274494683,1.2034538416248972
2022-12-19 16:00:00,272.5307322119838,-114.4961525608556,65.5038474391444,346.9178577127444,347.4137476858271,0.017270473721799618,1.3022283263140273
2022-12-20 07:00:00,282.7949787390151,65.33806408408329,65.33806408408329,346.9178577127444,347.3703539645255,0.017272631160150004,1.1243498136624317
2022-12-20 10:00:01,284.05985284795173,-115.2118592232983,64.7881407767017,346.9178577127444,347.364595156227,0.017272917515676875,1.1024207676059203
2022-12-20 13:00:01,279.3223943761044,65.9125476913677,65.9125476913677,346.9178577127444,347.39579724892695,0.017271366111837824,1.1846838388590528
2022-12-20 16:00:01,281.55638866841576,-114.10712280244722,65.89287719755278,346.9178577127444,347.41862256090366,0.01727023138763432,1.1464191943936592
2022-12-21 07:00:00,285.112258592997,65.77225468204583,65.77225468204583,346.9178577127444,347.4303089745472,0.017269650473815054,1.08517412366287
2022-12-21 10:00:00,284.4872580626416,-115.3940740912242,64.6059259087758,346.9178577127444,347.39843178126296,0.01727123513262679,1.095516849127742
2022-12-21 13:00:00,283.6353292521931,64.97090294817332,64.97090294817332,346.9178577127444,347.4063892205299,0.017270839530217342,1.1103429187489133
2022-12-21 16:00:00,286.2953020920881,-115.22242715054024,64.77757284945976,346.9178577127444,347.3569725753822,0.01727329656150173,1.0636995181625377
2022-12-22 07:00:01,293.48253781102545,65.00669473774026,65.00669473774026,346.9178577127444,347.3183883155945,0.017275215484842215,0.938989093640084
2022-12-22 10:00:01,288.45276909747287,-116.565051177078,63.434948822921996,345.3983207834109,347.2166223468901,0.01728027869013034,1.0244189364197536
2022-12-22 13:00:01,290.766229125736,64.756924482459,64.756924482459,346.9178577127444,347.2231968035723,0.017279951498730833,0.9845368386023275
2022-12-22 16:00:00,292.1540689430836,-114.89841602183527,65.10158397816473,346.9178577127444,347.2288866372569,0.017279668342421294,0.9606377591385324
2022-12-23 07:00:00,295.2371927789587,64.73690149550089,64.73690149550089,346.9178577127444,347.22711581222,0.017279756467074976,0.9073363841206297
2022-12-23 10:00:00,286.2516375499012,-115.66987746686692,64.33012253313308,346.9178577127444,347.1976579534928,0.01728122256171354,1.0621849182091028
2022-12-23 13:00:00,292.0975864330276,64.66315409860154,64.66315409860154,346.9178577127444,347.2511338386276,0.01727856129272794,0.961937124722938
2022-12-23 16:00:00,251.38217916153087,-115.44374671151124,64.55625328848876,346.9178577127444,347.24239664303735,0.01727899605003578,1.6653314945824231
2022-12-24 07:00:01,304.1792234851026,64.69862137458028,64.69862137458028,346.9178577127444,347.2248517078953,0.017279869140955185,0.7527859981439669
2022-12-24 10:00:01,308.65028754238995,-115.31968691030964,64.68031308969036,346.9178577127444,347.22238785665724,0.017279991756974384,0.6754887508436297
2022-12-24 13:00:01,298.8594987615418,65.0641799378924,65.0641799378924,346.9178577127444,347.2543486129221,0.017278401333104938,0.8451488135514054
2022-12-24 16:00:01,245.10609947530887,-115.62414668708018,64.37585331291982,346.9178577127444,347.24183957708055,0.0172790237700262,1.773769056351633
2022-12-25 07:00:00,312.18103722039234,64.17367868162434,64.17367868162434,346.9178577127444,347.22518233245114,0.017279852687226163,0.6145208404500547
2022-12-25 10:00:00,306.4718584144391,-114.89265681598872,65.10734318401128,346.9178577127444,347.2429780226065,0.0172789671202779,0.713446010530344
2022-12-25 13:00:00,314.75863768926183,66.20385314375562,66.20385314375562,346.9178577127444,347.30931274249645,0.017275666905161698,0.5712977951217396
2022-12-25 16:00:00,318.15876539866065,-112.93847939319838,67.06152060680162,346.9178577127444,347.3962766745855,0.017271342276418078,0.5139342399210334
2022-12-26 07:00:01,325.1215157444982,66.4311672762332,66.4311672762332,346.9178577127444,347.4857647557675,0.017266894384053797,0.3951243010201684
2022-12-26 10:00:01,325.2460606986655,-113.1754593968132,66.8245406031868,346.9178577127444,347.6011829113745,0.017261161051715348,0.3948385402082517
2022-12-26 13:00:01,336.4074909986399,66.71195479008563,66.71195479008563,346.9178577127444,347.671047475248,0.017257692418081384,0.20334616857089252
2022-12-26 16:00:01,330.50416033690107,-113.5400392695143,66.4599607304857,346.9178577127444,347.6821983635899,0.017257138928135397,0.30540696410326423
2022-12-27 07:00:00,345.3983207834109,67.89055165624833,67.89055165624833,346.9178577127444,347.7182942590003,0.017255347501304776,0.04899512387900669
2022-12-27 10:00:00,332.07980968435885,-112.85876187986564,67.14123812013436,346.9178577127444,347.74921064377565,0.0172538134274767,0.27932009603800384
2022-12-27 13:00:00,333.1561195595843,67.59180171133937,67.59180171133937,346.9178577127444,347.78261708462105,0.017252156103420502,0.2613017939121299
2022-12-27 16:00:00,335.5547645318123,-112.05506927684884,67.94493072315116,346.9178577127444,347.83630068350817,0.01724949347785102,0.22081345311057166
2022-12-28 07:00:01,334.2528982671654,68.03943597990354,68.03943597990354,346.9178577127444,347.9050708139446,0.017246083783609832,0.24440968693395373
2022-12-28 10:00:01,338.9232951568836,-112.55484479947282,67.44515520052718,346.9178577127444,347.8856783148426,0.01724704514731387,0.1635378023167459
2022-12-28 13:00:01,343.3846240005513,67.39297012780068,67.39297012780068,346.9178577127444,347.89663869108693,0.017246501784478778,0.08677964477581922
2022-12-28 16:00:00,340.0852834216735,-113.02161569573286,66.97838430426714,346.9178577127444,347.8699305833709,0.01724782590417666,0.143231414334301
2022-12-29 07:00:00,336.0133925902359,66.86857918537254,66.86857918537254,346.9178577127444,347.82306638864816,0.017250149802588887,0.21268181750622187
2022-12-29 10:00:00,334.17510380038783,-113.2661297116542,66.7338702883458,346.9178577127444,347.7662222418755,0.01725296942676316,0.2434503263104053
2022-12-29 13:00:00,331.6926287996162,67.30040999277377,67.30040999277377,346.9178577127444,347.75992005586727,0.017253282089080613,0.2861766838154197
2022-12-29 16:00:01,325.64090652127845,-113.3372090645936,66.6627909354064,346.9178577127444,347.7281281564238,0.01725485951283449,0.39007508170717325
2022-12-30 07:00:01,324.8538132760642,66.98668217774241,66.98668217774241,346.9178577127444,347.72848944466904,0.017254841585117597,0.4036620889640428
2022-12-30 10:00:00,329.7104790570054,-113.22140842542996,66.77859157457004,346.9178577127444,347.7245713967383,0.01725503600708811,0.31979698732100387
2022-12-30 13:00:00,340.93987739776054,67.94893728092327,67.94893728092327,346.9178577127444,347.77747524287287,0.017252411174156282,0.12692822483130473
2022-12-30 16:00:00,339.46575674138325,-112.33423233824806,67.66576766175194,346.9178577127444,347.79338286444585,0.01725162207108043,0.1526282339882346
2022-12-31 13:00:01,346.9178577127444,69.05734945001174,69.05734945001174,346.9178577127444,347.8976416057257,0.01724645206649556,0.0258609713097281
2022-12-31 16:00:01,340.3894827987492,-111.36380702261512,68.63619297738488,346.9178577127444,347.9694610741786,0.017242892469580676,0.13966392568888808
2023-01-01 07:00:00,288.40423020475964,68.86264579543348,68.86264579543348,346.9178577127444,348.0602005021361,0.017238397240891025,1.0373364891408736
2023-01-01 10:00:00,287.4665197896966,-112.282564282395,67.717435717605,346.9178577127444,348.05012095659623,0.01723889646557035,1.053357603391492
2023-01-01 13:00:00,284.4855005092527,68.12379188836927,68.12379188836927,346.9178577127444,348.07006326706875,0.01723790878101543,1.105028068063886
2023-01-01 16:00:00,285.78663369723927,-111.9875549636962,68.0124450363038,346.9178577127444,348.02456827570956,0.017240162180868573,1.0819552612990178
2023-01-02 07:00:01,291.171770609721,68.0158877543553,68.0158877543553,346.9178577127444,347.9975602734545,0.01724150018547611,0.988725038390989
2023-01-02 10:00:01,293.9557789872484,-111.76521506317329,68.23478493682671,346.9178577127444,347.97022329988795,0.01724285469917659,0.9403263903035113
2023-01-02 13:00:00,294.8847232394381,68.3068317819438,68.3068317819438,346.9178577127444,347.99588552171656,0.0172415831612629,0.9246836966451359
2023-01-02 16:00:00,293.2319900692965,-112.45453131075948,67.54546868924052,346.9178577127444,347.97070541088345,0.017242830809321163,0.9528135827184784
2023-01-03 07:00:00,278.7705149401565,67.20622455551626,67.20622455551626,346.9178577127444,347.93560268442747,0.01724457041391626,1.2016854011546794
2023-01-03 10:00:00,279.30807363912703,-112.5251873484312,67.4748126515688,346.9178577127444,347.9120443504756,0.017245738103725407,1.1920892871274673
2023-01-03 13:00:01,281.3911867845189,66.98856255689239,66.98856255689239,346.9178577127444,347.85778400315303,0.017248428167833136,1.1554075030498108
2023-01-03 16:00:01,283.0070670495703,-112.21495451925466,67.78504548074534,346.9178577127444,347.83506550091215,0.017249554731807986,1.1272172828038864
2023-01-04 07:00:00,288.5706152746672,68.23546037954554,68.23546037954554,346.9178577127444,347.8651076421611,0.017248065034944606,1.0316784359324631
2023-01-04 10:00:00,294.15642097360376,-112.38013505195958,67.61986494804042,346.9178577127444,347.88311748673334,0.017247172105811694,0.9355967568025608
2023-01-04 13:00:00,302.3177136722227,67.846655262222,67.846655262222,346.9178577127444,347.89930746175565,0.0172463694848245,0.7950801835653694
2023-01-04 16:00:00,306.2172431461037,-111.45395601656344,68.54604398343656,346.9178577127444,347.96711998423433,0.017243008478133932,0.7288566556448354
2023-01-05 07:00:01,292.4961538208665,68.96248897457819,68.96248897457819,346.9178577127444,348.0183857085198,0.017240468453368595,0.966192462683605
2023-01-05 10:00:01,293.47061181658376,-113.07041224982466,66.92958775017534,346.9178577127444,347.9615281977179,0.017243285575498146,0.9485656077943876
2023-01-05 13:00:01,285.4645336990219,67.1176663269875,67.1176663269875,346.9178577127444,347.9396625403184,0.01724436919951526,1.086307362890503
2023-01-05 16:00:00,265.0018867857359,-112.40365548557806,67.59634451442194,346.9178577127444,347.92876404552896,0.017244909360856573,1.4390296572879113
2023-01-06 07:00:00,258.1549922042957,67.20940915821498,67.20940915821498,346.9178577127444,347.8705671530419,0.01724779434231458,1.5563589613823867
2023-01-06 10:00:00,263.4274093559742,-115.88414867205894,64.11585132794106,346.9178577127444,347.65954523088135,0.017258263385276505,1.4626635617974475
2023-01-06 13:00:00,255.9785147234041,65.53752088155673,65.53752088155673,346.9178577127444,347.5989348350132,0.017261272687293713,1.590448230634796
2023-01-06 16:00:00,260.44769148525774,-114.49857419143376,65.50142580856624,346.9178577127444,347.5285639499301,0.017264767913766205,1.5123942281947447
2023-01-07 07:00:01,265.41476974727686,65.75256879396525,65.75256879396525,346.9178577127444,347.44828621412006,0.017268756928915784,1.4255800312540274
2023-01-07 10:00:00,270.5734650700249,-116.09154311834308,63.90845688165692,345.3983207834109,347.30456321579715,0.017275903156711216,1.334562196038367
2023-01-07 13:00:00,266.54267950930483,63.72334796197493,63.72334796197493,345.3983207834109,347.28747367439144,0.017276753280267915,1.4039710628201194
2023-01-07 16:00:00,272.3710704168121,-115.9065079995144,64.0934920004856,346.9178577127444,347.224600859802,0.017279881624581675,1.302423320600789
2023-01-08 07:00:01,264.3066400982011,63.72578784527257,63.72578784527257,345.3983207834109,347.1472898323652,0.01728372992022307,1.4407585917849925
2023-01-08 10:00:01,269.6831474156292,-117.13513962207688,62.86486037792312,343.3846240005513,347.0215594136665,0.01728999204008449,1.3461437032027417
2023-01-08 13:00:01,266.5576860643865,62.76204275525123,62.76204275525123,343.3846240005513,346.9716447036791,0.017292479346904914,1.3995198943367355
2023-01-08 16:00:01,270.6011825546961,-117.51200262385144,62.487997376148556,343.3846240005513,346.9178577127444,0.017295160415086303,1.3288723145683794
2023-01-09 07:00:00,252.54900514553609,67.90368837033961,67.90368837033961,346.9178577127444,347.0837531273384,0.017286893857571935,1.6431753295776315
2023-01-09 10:00:00,237.9243577274088,-116.99583839408665,63.00416160591335,345.3983207834109,347.0523336222684,0.017288458882775866,1.8956176995827383
2023-01-09 13:00:00,234.34163095788165,63.653633942345,63.653633942345,345.3983207834109,347.08667671243717,0.017286748246378315,1.9579583973493073
2023-01-09 16:00:00,227.2377609465469,-117.80551396992756,62.19448603007244,340.0852834216735,347.0619653723671,0.017287979089159265,2.0804815158526266
2023-01-10 07:00:01,222.8272873774664,61.59475356652923,61.59475356652923,330.50416033690107,347.023073662401,0.01728991659452898,2.1562979616223665
